{
  "definitions": {
    "Feature": {
      "type": "object",
      "description": "Features of tender",
      "properties": {
        "code": {
          "type": "string",
          "description": "Code of the feature, auto generated"
        },
        "description": {
          "type": "string",
          "description": "Description of the feature"
        },
        "title": {
          "type": "string",
          "description": "Feature title"
        },
        "enum": {
          "items": {
            "description": {
              "type": "Description of the value",
              "description": "Description of the value"
            },
            "value": {
              "type": "float",
              "description": "Value of the feature"
            },
            "title": {
              "type": "string",
              "description": "Title of the value"
            }
          },
          "required": [
            "value",
            "title"
          ],
          "type": "array",
          "description": "A list of possible values: value, title, and description"
        },
        "relatedItem": {
          "type": "string",
          "description": "An identifier of the related item or lot"
        },
        "featureOf": {
          "enum": [
            "tenderer",
            "lot",
            "item",
            null
          ],
          "type": "string",
          "description": "What the feature is related to"
        }
      }
    }
  }
}